{
  "baseline": {
    "velocity_rms": {
      "x": {
        "mean": 0.14567219833288833,
        "std": 0.26185321359902103
      },
      "y": {
        "mean": 0.5960484014450097,
        "std": 0.24893152290374143
      },
      "z": {
        "mean": 0.027364736664529706,
        "std": 0.0032323990305806
      }
    },
    "acceleration_kurtosis": {
      "x": {
        "mean": 2.6504894623725743,
        "std": 4.164655056480848
      },
      "y": {
        "mean": 0.8280892559641835,
        "std": 1.5946112092265552
      },
      "z": {
        "mean": 1.199161195725591,
        "std": 1.6392223975109237
      }
    },
    "high_freq_energy": {
      "x": {
        "mean": 0.0,
        "std": 0.0
      },
      "y": {
        "mean": 0.0,
        "std": 0.0
      },
      "z": {
        "mean": 0.0,
        "std": 0.0
      }
    }
  },
  "thresholds": {
    "velocity_rms": {
      "x": {
        "warning": 0.8003052323304409,
        "alarm": 1.1930850527289725
      },
      "y": {
        "warning": 1.2183772087043634,
        "alarm": 1.5917744930599755
      },
      "z": {
        "warning": 0.03544573424098121,
        "alarm": 0.040294332786852106
      }
    },
    "acceleration_kurtosis": {
      "x": {
        "warning": 13.062127103574694,
        "alarm": 19.30910968829597
      },
      "y": {
        "warning": 4.814617279030571,
        "alarm": 7.206534092870404
      },
      "z": {
        "warning": 5.2972171895029,
        "alarm": 7.756050785769286
      }
    },
    "high_freq_energy": {
      "x": {
        "warning": 0.0,
        "alarm": 0.0
      },
      "y": {
        "warning": 0.0,
        "alarm": 0.0
      },
      "z": {
        "warning": 0.0,
        "alarm": 0.0
      }
    }
  },
  "sampling_rate": 20.0
}