{
  "vx": {
    "rms": 18481.93328035004,
    "peak": 32160.0,
    "mean": 16488.344827586207,
    "std": 8349.631286824679,
    "min": 48.0,
    "max": 32160.0,
    "crest_factor": 1.7400777024875669,
    "kurtosis": 2.393956665680072
  },
  "vy": {
    "rms": 19790.208182766582,
    "peak": 32728.0,
    "mean": 17727.91724137931,
    "std": 8796.20885382149,
    "min": 115.0,
    "max": 32728.0,
    "crest_factor": 1.6537471307906562,
    "kurtosis": 2.2367745462486157
  },
  "vz": {
    "rms": 19925.51571521403,
    "peak": 32488.0,
    "mean": 18457.71724137931,
    "std": 7505.92104638267,
    "min": 267.0,
    "max": 32488.0,
    "crest_factor": 1.6304722278878807,
    "kurtosis": 3.4176871264472535
  },
  "dx": {
    "rms": 12326.662114407072,
    "peak": 28662.0,
    "mean": 10113.696551724139,
    "std": 7046.966790215625,
    "min": 112.0,
    "max": 28662.0,
    "crest_factor": 2.325203671032779,
    "kurtosis": 2.7437080321431133
  },
  "dy": {
    "rms": 10306.95408734417,
    "peak": 31865.0,
    "mean": 8427.662068965517,
    "std": 5933.617329247021,
    "min": 25.0,
    "max": 31865.0,
    "crest_factor": 3.0916020125797194,
    "kurtosis": 6.282584412013829
  },
  "dz": {
    "rms": 8463.05530710006,
    "peak": 30129.0,
    "mean": 7680.013793103448,
    "std": 3555.3752641282845,
    "min": 59.0,
    "max": 30129.0,
    "crest_factor": 3.5600618106233277,
    "kurtosis": 12.888073021508136
  },
  "ax": {
    "rms": 0.48297542908831725,
    "peak": 0.55419921875,
    "mean": 0.47619207974137934,
    "std": 0.0806620623008365,
    "min": 0.328125,
    "max": 0.55419921875,
    "crest_factor": 1.1474687641897798,
    "kurtosis": 1.8894639334914318,
    "hf_energy": 0.0
  },
  "ay": {
    "rms": 0.4788921784379018,
    "peak": 0.587890625,
    "mean": 0.46925511853448276,
    "std": 0.09558949889076586,
    "min": 0.27099609375,
    "max": 0.587890625,
    "crest_factor": 1.2276054015282525,
    "kurtosis": 2.2974165968559968,
    "hf_energy": 0.0
  },
  "az": {
    "rms": 0.8316862295394325,
    "peak": 0.90673828125,
    "mean": 0.8303946659482758,
    "std": 0.04633231237666558,
    "min": 0.74462890625,
    "max": 0.90673828125,
    "crest_factor": 1.0902408252594604,
    "kurtosis": 1.9060842321605314,
    "hf_energy": 0.0
  },
  "temp": {
    "rms": 23.532219072640782,
    "peak": 23.8,
    "mean": 23.53193103448276,
    "std": 0.11643140085830084,
    "min": 23.23,
    "max": 23.8,
    "crest_factor": 1.0113793317380149,
    "kurtosis": 2.308992746097296
  }
}