{
  "vx": {
    "rms": 1.0436017244478455,
    "peak": 1.15,
    "mean": 1.0431610942249239,
    "std": 0.03032310613997064,
    "min": 0.97,
    "max": 1.15,
    "crest_factor": 1.101952951072832
  },
  "vy": {
    "rms": 1.9676396456353453,
    "peak": 2.05,
    "mean": 1.9674468085106385,
    "std": 0.02754688289610277,
    "min": 1.9,
    "max": 2.05,
    "crest_factor": 1.0418574379446703
  },
  "vz": {
    "rms": 1.3537876618711853,
    "peak": 1.44,
    "mean": 1.3534954407294832,
    "std": 0.028126950761720688,
    "min": 1.28,
    "max": 1.44,
    "crest_factor": 1.0636823192860638
  },
  "dx": {
    "rms": 1.0,
    "peak": 1.0,
    "mean": 1.0,
    "std": 0.0,
    "min": 1.0,
    "max": 1.0,
    "crest_factor": 1.0
  },
  "dy": {
    "rms": 2.0,
    "peak": 2.0,
    "mean": 2.0,
    "std": 0.0,
    "min": 2.0,
    "max": 2.0,
    "crest_factor": 1.0
  },
  "dz": {
    "rms": 1.0,
    "peak": 1.0,
    "mean": 1.0,
    "std": 0.0,
    "min": 1.0,
    "max": 1.0,
    "crest_factor": 1.0
  },
  "ax": {
    "rms": 0.933102501246834,
    "peak": 0.93310546875,
    "mean": 0.933102500474924,
    "std": 3.795447809574593e-05,
    "min": 0.9326171875,
    "max": 0.93310546875,
    "crest_factor": 1.0000031802542186
  },
  "ay": {
    "rms": 0.36376656495496085,
    "peak": 0.36376953125,
    "mean": 0.363766562974924,
    "std": 3.795447809574594e-05,
    "min": 0.36328125,
    "max": 0.36376953125,
    "crest_factor": 1.0000081543916481
  },
  "az": {
    "rms": 0.07123268364128654,
    "peak": 0.072265625,
    "mean": 0.07122969699848024,
    "std": 0.0006522915332163032,
    "min": 0.06982421875,
    "max": 0.072265625,
    "crest_factor": 1.0145009468394472
  },
  "temp": {
    "rms": 24.636185583843545,
    "peak": 25.0,
    "mean": 24.635866261398178,
    "std": 0.12543393513555726,
    "min": 24.3,
    "max": 25.0,
    "crest_factor": 1.0147674815534369
  }
}