{
  "vx": {
    "rms": 19197.176027090398,
    "peak": 32507.0,
    "mean": 13888.88679245283,
    "std": 13252.561679974317,
    "min": 0.0,
    "max": 32507.0,
    "crest_factor": 1.6933219737177612,
    "kurtosis": 1.2057793269373351
  },
  "vy": {
    "rms": 14914.248630970824,
    "peak": 32528.0,
    "mean": 9649.584905660377,
    "std": 11371.90939881542,
    "min": 0.0,
    "max": 32528.0,
    "crest_factor": 2.181001591488329,
    "kurtosis": 2.0334131148548846
  },
  "vz": {
    "rms": 13608.37182253547,
    "peak": 29737.0,
    "mean": 9324.943396226416,
    "std": 9911.267038958778,
    "min": 0.0,
    "max": 29737.0,
    "crest_factor": 2.1851989633877813,
    "kurtosis": 1.8833292359637004
  },
  "dx": {
    "rms": 13248.435568732933,
    "peak": 30156.0,
    "mean": 9210.075471698114,
    "std": 9523.421382281302,
    "min": 0.0,
    "max": 30156.0,
    "crest_factor": 2.2761932790894863,
    "kurtosis": 2.3164678564623915
  },
  "dy": {
    "rms": 13873.690923117349,
    "peak": 31571.0,
    "mean": 9611.981132075472,
    "std": 10004.454935018388,
    "min": 0.0,
    "max": 31571.0,
    "crest_factor": 2.275602085627705,
    "kurtosis": 1.8279683557306323
  },
  "dz": {
    "rms": 6426.088061455811,
    "peak": 16591.0,
    "mean": 4274.754716981132,
    "std": 4798.02874972967,
    "min": 0.0,
    "max": 16591.0,
    "crest_factor": 2.5818195831324102,
    "kurtosis": 3.1670039722363024
  },
  "ax": {
    "rms": 0.1555858243227218,
    "peak": 0.3046875,
    "mean": 0.11423017393867925,
    "std": 0.10563340424373312,
    "min": 0.01416015625,
    "max": 0.3046875,
    "crest_factor": 1.9583242967431662,
    "kurtosis": 1.6519045661915541,
    "hf_energy": 0.0
  },
  "ay": {
    "rms": 0.1774922587835243,
    "peak": 0.37109375,
    "mean": 0.11638598172169812,
    "std": 0.1340067356021857,
    "min": 0.00146484375,
    "max": 0.37109375,
    "crest_factor": 2.0907601973368246,
    "kurtosis": 1.853446848312074,
    "hf_energy": 0.0
  },
  "az": {
    "rms": 0.9735874633196123,
    "peak": 1.00732421875,
    "mean": 0.9732827240566038,
    "std": 0.024357499585842542,
    "min": 0.9208984375,
    "max": 1.00732421875,
    "crest_factor": 1.0346520027233674,
    "kurtosis": 2.473610881982564,
    "hf_energy": 0.0
  },
  "temp": {
    "rms": 24.076689070629577,
    "peak": 24.3,
    "mean": 24.076415094339627,
    "std": 0.11485995311145074,
    "min": 23.73,
    "max": 24.3,
    "crest_factor": 1.009274984974692,
    "kurtosis": 3.330804713521035
  }
}